-- MySQL Administrator dump 1.4
--
-- ------------------------------------------------------
-- Server version	5.1.37-1ubuntu5.1


/*!40101 SET @OLD_CHARACTER_SET_CLIENT=@@CHARACTER_SET_CLIENT */;
/*!40101 SET @OLD_CHARACTER_SET_RESULTS=@@CHARACTER_SET_RESULTS */;
/*!40101 SET @OLD_COLLATION_CONNECTION=@@COLLATION_CONNECTION */;
/*!40101 SET NAMES utf8 */;

/*!40014 SET @OLD_UNIQUE_CHECKS=@@UNIQUE_CHECKS, UNIQUE_CHECKS=0 */;
/*!40014 SET @OLD_FOREIGN_KEY_CHECKS=@@FOREIGN_KEY_CHECKS, FOREIGN_KEY_CHECKS=0 */;
/*!40101 SET @OLD_SQL_MODE=@@SQL_MODE, SQL_MODE='NO_AUTO_VALUE_ON_ZERO' */;


--
-- Create schema InfoCompany
--

CREATE DATABASE IF NOT EXISTS InfoCompany;
USE InfoCompany;

--
-- Definition of table `InfoCompany`.`Employ`
--

DROP TABLE IF EXISTS `InfoCompany`.`Employ`;
CREATE TABLE  `InfoCompany`.`Employ` (
  `FieldId` int(11) NOT NULL,
  `SectorId` int(11) NOT NULL,
  `EmployId` int(11) NOT NULL,
  `Description` varchar(50) NOT NULL,
  PRIMARY KEY (`FieldId`,`SectorId`,`EmployId`) USING BTREE,
  CONSTRAINT `Fk_Sector_Employ` FOREIGN KEY (`FieldId`, `SectorId`) REFERENCES `Sector` (`FieldId`, `SectorId`)
) ENGINE=InnoDB DEFAULT CHARSET=latin1 COMMENT='Empleo/Puesto dentro del sector de la empresa.';

--
-- Dumping data for table `InfoCompany`.`Employ`
--

/*!40000 ALTER TABLE `Employ` DISABLE KEYS */;
LOCK TABLES `Employ` WRITE;
INSERT INTO `InfoCompany`.`Employ` VALUES  (1,1,1,'Gerencia / Alta Gerencia / Dirección              '),
 (1,1,2,'Jefe / Supervisor / Responsable                   '),
 (1,1,3,'Senior / Semi-Senior                              '),
 (1,1,4,'Junior                                            '),
 (1,2,1,'Gerencia / Alta Gerencia / Dirección              '),
 (1,2,2,'Jefe / Supervisor / Responsable                   '),
 (1,2,3,'Senior / Semi-Senior                              '),
 (1,2,4,'Junior                                            '),
 (1,3,1,'Gerencia / Alta Gerencia / Dirección              '),
 (1,3,2,'Jefe / Supervisor / Responsable                   '),
 (1,3,3,'Senior / Semi-Senior                              '),
 (1,3,4,'Junior                                            '),
 (1,4,1,'Gerencia / Alta Gerencia / Dirección              '),
 (1,4,2,'Jefe / Supervisor / Responsable                   '),
 (1,4,3,'Senior / Semi-Senior                              '),
 (1,4,4,'Junior                                            '),
 (1,5,1,'Gerencia / Alta Gerencia / Dirección              ');
INSERT INTO `InfoCompany`.`Employ` VALUES  (1,5,2,'Jefe / Supervisor / Responsable                   '),
 (1,5,3,'Senior / Semi-Senior                              '),
 (1,5,4,'Junior                                            '),
 (1,6,1,'Gerencia / Alta Gerencia / Dirección              '),
 (1,6,2,'Jefe / Supervisor / Responsable                   '),
 (1,6,3,'Senior / Semi-Senior                              '),
 (1,6,4,'Junior                                            '),
 (1,7,1,'Gerencia / Alta Gerencia / Dirección              '),
 (1,7,2,'Jefe / Supervisor / Responsable                   '),
 (1,7,3,'Senior / Semi-Senior                              '),
 (1,7,4,'Junior                                            '),
 (1,8,1,'Gerencia / Alta Gerencia / Dirección              '),
 (1,8,2,'Jefe / Supervisor / Responsable                   '),
 (1,8,3,'Senior / Semi-Senior                              '),
 (1,8,4,'Junior                                            '),
 (1,9,1,'Gerencia / Alta Gerencia / Dirección              '),
 (1,9,2,'Jefe / Supervisor / Responsable                   ');
INSERT INTO `InfoCompany`.`Employ` VALUES  (1,9,3,'Senior / Semi-Senior                              '),
 (1,9,4,'Junior                                            '),
 (1,10,1,'Gerencia / Alta Gerencia / Dirección              '),
 (1,10,2,'Jefe / Supervisor / Responsable                   '),
 (1,10,3,'Senior / Semi-Senior                              '),
 (1,10,4,'Junior                                            '),
 (1,11,1,'Gerencia / Alta Gerencia / Dirección              '),
 (1,11,2,'Jefe / Supervisor / Responsable                   '),
 (1,11,3,'Senior / Semi-Senior                              '),
 (1,11,4,'Junior                                            '),
 (1,12,1,'Gerencia / Alta Gerencia / Dirección              '),
 (1,12,2,'Jefe / Supervisor / Responsable                   '),
 (1,12,3,'Senior / Semi-Senior                              '),
 (1,12,4,'Junior                                            '),
 (1,13,1,'Gerencia / Alta Gerencia / Dirección              '),
 (1,13,2,'Jefe / Supervisor / Responsable                   ');
INSERT INTO `InfoCompany`.`Employ` VALUES  (1,13,3,'Senior / Semi-Senior                              '),
 (1,13,4,'Junior                                            '),
 (1,14,1,'Gerencia / Alta Gerencia / Dirección              '),
 (1,14,2,'Jefe / Supervisor / Responsable                   '),
 (1,14,3,'Senior / Semi-Senior                              '),
 (1,14,4,'Junior                                            '),
 (1,15,1,'Gerencia / Alta Gerencia / Dirección              '),
 (1,15,2,'Jefe / Supervisor / Responsable                   '),
 (1,15,3,'Senior / Semi-Senior                              '),
 (1,15,4,'Junior                                            '),
 (2,1,1,'Gerencia / Alta Gerencia / Dirección              '),
 (2,1,2,'Jefe / Supervisor / Responsable                   '),
 (2,1,3,'Senior / Semi-Senior                              '),
 (2,1,4,'Junior                                            '),
 (2,2,1,'Gerencia / Alta Gerencia / Dirección              '),
 (2,2,2,'Jefe / Supervisor / Responsable                   ');
INSERT INTO `InfoCompany`.`Employ` VALUES  (2,2,3,'Senior / Semi-Senior                              '),
 (2,2,4,'Junior                                            '),
 (3,1,1,'Gerencia / Alta Gerencia / Dirección              '),
 (3,1,2,'Jefe / Supervisor / Responsable                   '),
 (3,1,3,'Senior / Semi-Senior                              '),
 (3,1,4,'Junior                                            '),
 (3,2,1,'Gerencia / Alta Gerencia / Dirección              '),
 (3,2,2,'Jefe / Supervisor / Responsable                   '),
 (3,2,3,'Senior / Semi-Senior                              '),
 (3,2,4,'Junior                                            '),
 (4,1,1,'Gerencia / Alta Gerencia / Dirección              '),
 (4,1,2,'Jefe / Supervisor / Responsable                   '),
 (4,1,3,'Senior / Semi-Senior                              '),
 (4,1,4,'Junior                                            '),
 (4,2,1,'Gerencia / Alta Gerencia / Dirección              '),
 (4,2,2,'Jefe / Supervisor / Responsable                   '),
 (4,2,3,'Senior / Semi-Senior                              ');
INSERT INTO `InfoCompany`.`Employ` VALUES  (4,2,4,'Junior                                            '),
 (4,3,1,'Gerencia / Alta Gerencia / Dirección              '),
 (4,3,2,'Jefe / Supervisor / Responsable                   '),
 (4,3,3,'Senior / Semi-Senior                              '),
 (4,3,4,'Junior                                            '),
 (4,4,1,'Gerencia / Alta Gerencia / Dirección              '),
 (4,4,2,'Jefe / Supervisor / Responsable                   '),
 (4,4,3,'Senior / Semi-Senior                              '),
 (4,4,4,'Junior                                            '),
 (4,5,1,'Gerencia / Alta Gerencia / Dirección              '),
 (4,5,2,'Jefe / Supervisor / Responsable                   '),
 (4,5,3,'Senior / Semi-Senior                              '),
 (4,5,4,'Junior                                            '),
 (5,1,1,'Gerencia / Alta Gerencia / Dirección              '),
 (5,1,2,'Jefe / Supervisor / Responsable                   '),
 (5,1,3,'Senior / Semi-Senior                              '),
 (5,1,4,'Junior                                            ');
INSERT INTO `InfoCompany`.`Employ` VALUES  (5,2,1,'Gerencia / Alta Gerencia / Dirección              '),
 (5,2,2,'Jefe / Supervisor / Responsable                   '),
 (5,2,3,'Senior / Semi-Senior                              '),
 (5,2,4,'Junior                                            '),
 (6,1,1,'Gerencia / Alta Gerencia / Dirección              '),
 (6,1,2,'Jefe / Supervisor / Responsable                   '),
 (6,1,3,'Senior / Semi-Senior                              '),
 (6,1,4,'Junior                                            '),
 (6,2,1,'Gerencia / Alta Gerencia / Dirección              '),
 (6,2,2,'Jefe / Supervisor / Responsable                   '),
 (6,2,3,'Senior / Semi-Senior                              '),
 (6,2,4,'Junior                                            '),
 (7,1,1,'Gerencia / Alta Gerencia / Dirección              '),
 (7,1,2,'Jefe / Supervisor / Responsable                   '),
 (7,1,3,'Senior / Semi-Senior                              '),
 (7,1,4,'Junior                                            '),
 (7,2,1,'Gerencia / Alta Gerencia / Dirección              ');
INSERT INTO `InfoCompany`.`Employ` VALUES  (7,2,2,'Jefe / Supervisor / Responsable                   '),
 (7,2,3,'Senior / Semi-Senior                              '),
 (7,2,4,'Junior                                            '),
 (7,3,1,'Gerencia / Alta Gerencia / Dirección              '),
 (7,3,2,'Jefe / Supervisor / Responsable                   '),
 (7,3,3,'Senior / Semi-Senior                              '),
 (7,3,4,'Junior                                            '),
 (7,4,1,'Gerencia / Alta Gerencia / Dirección              '),
 (7,4,2,'Jefe / Supervisor / Responsable                   '),
 (7,4,3,'Senior / Semi-Senior                              '),
 (7,4,4,'Junior                                            '),
 (7,5,1,'Gerencia / Alta Gerencia / Dirección              '),
 (7,5,2,'Jefe / Supervisor / Responsable                   '),
 (7,5,3,'Senior / Semi-Senior                              '),
 (7,5,4,'Junior                                            '),
 (7,6,1,'Gerencia / Alta Gerencia / Dirección              '),
 (7,6,2,'Jefe / Supervisor / Responsable                   ');
INSERT INTO `InfoCompany`.`Employ` VALUES  (7,6,3,'Senior / Semi-Senior                              '),
 (7,6,4,'Junior                                            '),
 (8,1,1,'Gerencia / Alta Gerencia / Dirección              '),
 (8,1,2,'Jefe / Supervisor / Responsable                   '),
 (8,1,3,'Senior / Semi-Senior                              '),
 (8,1,4,'Junior                                            '),
 (8,2,1,'Gerencia / Alta Gerencia / Dirección              '),
 (8,2,2,'Jefe / Supervisor / Responsable                   '),
 (8,2,3,'Senior / Semi-Senior                              '),
 (8,2,4,'Junior                                            '),
 (9,1,1,'Gerencia / Alta Gerencia / Dirección              '),
 (9,1,2,'Jefe / Supervisor / Responsable                   '),
 (9,1,3,'Senior / Semi-Senior                              '),
 (9,1,4,'Junior                                            '),
 (10,1,1,'Gerencia / Alta Gerencia / Dirección              '),
 (10,1,2,'Jefe / Supervisor / Responsable                   '),
 (10,1,3,'Senior / Semi-Senior                              ');
INSERT INTO `InfoCompany`.`Employ` VALUES  (10,1,4,'Junior                                            '),
 (10,2,1,'Gerencia / Alta Gerencia / Dirección              '),
 (10,2,2,'Jefe / Supervisor / Responsable                   '),
 (10,2,3,'Senior / Semi-Senior                              '),
 (10,2,4,'Junior                                            '),
 (10,3,1,'Gerencia / Alta Gerencia / Dirección              '),
 (10,3,2,'Jefe / Supervisor / Responsable                   '),
 (10,3,3,'Senior / Semi-Senior                              '),
 (10,3,4,'Junior                                            '),
 (10,4,1,'Gerencia / Alta Gerencia / Dirección              '),
 (10,4,2,'Jefe / Supervisor / Responsable                   '),
 (10,4,3,'Senior / Semi-Senior                              '),
 (10,4,4,'Junior                                            '),
 (10,5,1,'Gerencia / Alta Gerencia / Dirección              '),
 (10,5,2,'Jefe / Supervisor / Responsable                   '),
 (10,5,3,'Senior / Semi-Senior                              ');
INSERT INTO `InfoCompany`.`Employ` VALUES  (10,5,4,'Junior                                            '),
 (10,6,1,'Gerencia / Alta Gerencia / Dirección              '),
 (10,6,2,'Jefe / Supervisor / Responsable                   '),
 (10,6,3,'Senior / Semi-Senior                              '),
 (10,6,4,'Junior                                            '),
 (10,7,1,'Gerencia / Alta Gerencia / Dirección              '),
 (10,7,2,'Jefe / Supervisor / Responsable                   '),
 (10,7,3,'Senior / Semi-Senior                              '),
 (10,7,4,'Junior                                            '),
 (10,8,1,'Gerencia / Alta Gerencia / Dirección              '),
 (10,8,2,'Jefe / Supervisor / Responsable                   '),
 (10,8,3,'Senior / Semi-Senior                              '),
 (10,8,4,'Junior                                            '),
 (10,9,1,'Gerencia / Alta Gerencia / Dirección              '),
 (10,9,2,'Jefe / Supervisor / Responsable                   '),
 (10,9,3,'Senior / Semi-Senior                              ');
INSERT INTO `InfoCompany`.`Employ` VALUES  (10,9,4,'Junior                                            '),
 (11,1,1,'Gerencia / Alta Gerencia / Dirección              '),
 (11,1,2,'Jefe / Supervisor / Responsable                   '),
 (11,1,3,'Senior / Semi-Senior                              '),
 (11,1,4,'Junior                                            '),
 (11,2,1,'Gerencia / Alta Gerencia / Dirección              '),
 (11,2,2,'Jefe / Supervisor / Responsable                   '),
 (11,2,3,'Senior / Semi-Senior                              '),
 (11,2,4,'Junior                                            '),
 (12,1,1,'Gerencia / Alta Gerencia / Dirección              '),
 (12,1,2,'Jefe / Supervisor / Responsable                   '),
 (12,1,3,'Senior / Semi-Senior                              '),
 (12,1,4,'Junior                                            '),
 (12,2,1,'Gerencia / Alta Gerencia / Dirección              '),
 (12,2,2,'Jefe / Supervisor / Responsable                   '),
 (12,2,3,'Senior / Semi-Senior                              ');
INSERT INTO `InfoCompany`.`Employ` VALUES  (12,2,4,'Junior                                            '),
 (12,3,1,'Gerencia / Alta Gerencia / Dirección              '),
 (12,3,2,'Jefe / Supervisor / Responsable                   '),
 (12,3,3,'Senior / Semi-Senior                              '),
 (12,3,4,'Junior                                            '),
 (12,4,1,'Gerencia / Alta Gerencia / Dirección              '),
 (12,4,2,'Jefe / Supervisor / Responsable                   '),
 (12,4,3,'Senior / Semi-Senior                              '),
 (12,4,4,'Junior                                            '),
 (12,5,1,'Gerencia / Alta Gerencia / Dirección              '),
 (12,5,2,'Jefe / Supervisor / Responsable                   '),
 (12,5,3,'Senior / Semi-Senior                              '),
 (12,5,4,'Junior                                            '),
 (12,6,1,'Gerencia / Alta Gerencia / Dirección              '),
 (12,6,2,'Jefe / Supervisor / Responsable                   '),
 (12,6,3,'Senior / Semi-Senior                              ');
INSERT INTO `InfoCompany`.`Employ` VALUES  (12,6,4,'Junior                                            '),
 (13,1,1,'Gerencia / Alta Gerencia / Dirección              '),
 (13,1,2,'Jefe / Supervisor / Responsable                   '),
 (13,1,3,'Senior / Semi-Senior                              '),
 (13,1,4,'Junior                                            '),
 (14,1,1,'Gerencia / Alta Gerencia / Dirección              '),
 (14,1,2,'Jefe / Supervisor / Responsable                   '),
 (14,1,3,'Senior / Semi-Senior                              '),
 (14,1,4,'Junior                                            '),
 (14,2,1,'Gerencia / Alta Gerencia / Dirección              '),
 (14,2,2,'Jefe / Supervisor / Responsable                   '),
 (14,2,3,'Senior / Semi-Senior                              '),
 (14,2,4,'Junior                                            '),
 (14,3,1,'Gerencia / Alta Gerencia / Dirección              '),
 (14,3,2,'Jefe / Supervisor / Responsable                   '),
 (14,3,3,'Senior / Semi-Senior                              ');
INSERT INTO `InfoCompany`.`Employ` VALUES  (14,3,4,'Junior                                            '),
 (14,4,1,'Gerencia / Alta Gerencia / Dirección              '),
 (14,4,2,'Jefe / Supervisor / Responsable                   '),
 (14,4,3,'Senior / Semi-Senior                              '),
 (14,4,4,'Junior                                            '),
 (14,5,1,'Gerencia / Alta Gerencia / Dirección              '),
 (14,5,2,'Jefe / Supervisor / Responsable                   '),
 (14,5,3,'Senior / Semi-Senior                              '),
 (14,5,4,'Junior                                            '),
 (14,6,1,'Gerencia / Alta Gerencia / Dirección              '),
 (14,6,2,'Jefe / Supervisor / Responsable                   '),
 (14,6,3,'Senior / Semi-Senior                              '),
 (14,6,4,'Junior                                            '),
 (14,7,1,'Gerencia / Alta Gerencia / Dirección              '),
 (14,7,2,'Jefe / Supervisor / Responsable                   '),
 (14,7,3,'Senior / Semi-Senior                              ');
INSERT INTO `InfoCompany`.`Employ` VALUES  (14,7,4,'Junior                                            '),
 (14,8,1,'Gerencia / Alta Gerencia / Dirección              '),
 (14,8,2,'Jefe / Supervisor / Responsable                   '),
 (14,8,3,'Senior / Semi-Senior                              '),
 (14,8,4,'Junior                                            '),
 (14,9,1,'Gerencia / Alta Gerencia / Dirección              '),
 (14,9,2,'Jefe / Supervisor / Responsable                   '),
 (14,9,3,'Senior / Semi-Senior                              '),
 (14,9,4,'Junior                                            '),
 (14,10,1,'Gerencia / Alta Gerencia / Dirección              '),
 (14,10,2,'Jefe / Supervisor / Responsable                   '),
 (14,10,3,'Senior / Semi-Senior                              '),
 (14,10,4,'Junior                                            '),
 (14,11,1,'Gerencia / Alta Gerencia / Dirección              '),
 (14,11,2,'Jefe / Supervisor / Responsable                   '),
 (14,11,3,'Senior / Semi-Senior                              ');
INSERT INTO `InfoCompany`.`Employ` VALUES  (14,11,4,'Junior                                            '),
 (14,12,1,'Gerencia / Alta Gerencia / Dirección              '),
 (14,12,2,'Jefe / Supervisor / Responsable                   '),
 (14,12,3,'Senior / Semi-Senior                              '),
 (14,12,4,'Junior                                            '),
 (14,13,1,'Gerencia / Alta Gerencia / Dirección              '),
 (14,13,2,'Jefe / Supervisor / Responsable                   '),
 (14,13,3,'Senior / Semi-Senior                              '),
 (14,13,4,'Junior                                            '),
 (14,14,1,'Gerencia / Alta Gerencia / Dirección              '),
 (14,14,2,'Jefe / Supervisor / Responsable                   '),
 (14,14,3,'Senior / Semi-Senior                              '),
 (14,14,4,'Junior                                            '),
 (14,15,1,'Gerencia / Alta Gerencia / Dirección              '),
 (14,15,2,'Jefe / Supervisor / Responsable                   '),
 (14,15,3,'Senior / Semi-Senior                              ');
INSERT INTO `InfoCompany`.`Employ` VALUES  (14,15,4,'Junior                                            '),
 (14,16,1,'Gerencia / Alta Gerencia / Dirección              '),
 (14,16,2,'Jefe / Supervisor / Responsable                   '),
 (14,16,3,'Senior / Semi-Senior                              '),
 (14,16,4,'Junior                                            '),
 (14,17,1,'Gerencia / Alta Gerencia / Dirección              '),
 (14,17,2,'Jefe / Supervisor / Responsable                   '),
 (14,17,3,'Senior / Semi-Senior                              '),
 (14,17,4,'Junior                                            '),
 (14,18,1,'Gerencia / Alta Gerencia / Dirección              '),
 (14,18,2,'Jefe / Supervisor / Responsable                   '),
 (14,18,3,'Senior / Semi-Senior                              '),
 (14,18,4,'Junior                                            '),
 (15,1,1,'Gerencia / Alta Gerencia / Dirección              '),
 (15,1,2,'Jefe / Supervisor / Responsable                   '),
 (15,1,3,'Senior / Semi-Senior                              ');
INSERT INTO `InfoCompany`.`Employ` VALUES  (15,1,4,'Junior                                            '),
 (15,2,1,'Gerencia / Alta Gerencia / Dirección              '),
 (15,2,2,'Jefe / Supervisor / Responsable                   '),
 (15,2,3,'Senior / Semi-Senior                              '),
 (15,2,4,'Junior                                            '),
 (16,1,1,'Gerencia / Alta Gerencia / Dirección              '),
 (16,1,2,'Jefe / Supervisor / Responsable                   '),
 (16,1,3,'Senior / Semi-Senior                              '),
 (16,1,4,'Junior                                            '),
 (16,2,1,'Gerencia / Alta Gerencia / Dirección              '),
 (16,2,2,'Jefe / Supervisor / Responsable                   '),
 (16,2,3,'Senior / Semi-Senior                              '),
 (16,2,4,'Junior                                            '),
 (17,1,1,'Gerencia / Alta Gerencia / Dirección              '),
 (17,1,2,'Jefe / Supervisor / Responsable                   '),
 (17,1,3,'Senior / Semi-Senior                              ');
INSERT INTO `InfoCompany`.`Employ` VALUES  (17,1,4,'Junior                                            '),
 (17,2,1,'Gerencia / Alta Gerencia / Dirección              '),
 (17,2,2,'Jefe / Supervisor / Responsable                   '),
 (17,2,3,'Senior / Semi-Senior                              '),
 (17,2,4,'Junior                                            '),
 (17,3,1,'Gerencia / Alta Gerencia / Dirección              '),
 (17,3,2,'Jefe / Supervisor / Responsable                   '),
 (17,3,3,'Senior / Semi-Senior                              '),
 (17,3,4,'Junior                                            '),
 (17,4,1,'Gerencia / Alta Gerencia / Dirección              '),
 (17,4,2,'Jefe / Supervisor / Responsable                   '),
 (17,4,3,'Senior / Semi-Senior                              '),
 (17,4,4,'Junior                                            '),
 (17,5,1,'Gerencia / Alta Gerencia / Dirección              '),
 (17,5,2,'Jefe / Supervisor / Responsable                   '),
 (17,5,3,'Senior / Semi-Senior                              ');
INSERT INTO `InfoCompany`.`Employ` VALUES  (17,5,4,'Junior                                            '),
 (17,6,1,'Gerencia / Alta Gerencia / Dirección              '),
 (17,6,2,'Jefe / Supervisor / Responsable                   '),
 (17,6,3,'Senior / Semi-Senior                              '),
 (17,6,4,'Junior                                            '),
 (17,7,1,'Gerencia / Alta Gerencia / Dirección              '),
 (17,7,2,'Jefe / Supervisor / Responsable                   '),
 (17,7,3,'Senior / Semi-Senior                              '),
 (17,7,4,'Junior                                            '),
 (17,8,1,'Gerencia / Alta Gerencia / Dirección              '),
 (17,8,2,'Jefe / Supervisor / Responsable                   '),
 (17,8,3,'Senior / Semi-Senior                              '),
 (17,8,4,'Junior                                            '),
 (18,1,1,'Gerencia / Alta Gerencia / Dirección              '),
 (18,1,2,'Jefe / Supervisor / Responsable                   '),
 (18,1,3,'Senior / Semi-Senior                              ');
INSERT INTO `InfoCompany`.`Employ` VALUES  (18,1,4,'Junior                                            '),
 (18,2,1,'Gerencia / Alta Gerencia / Dirección              '),
 (18,2,2,'Jefe / Supervisor / Responsable                   '),
 (18,2,3,'Senior / Semi-Senior                              '),
 (18,2,4,'Junior                                            '),
 (18,3,1,'Gerencia / Alta Gerencia / Dirección              '),
 (18,3,2,'Jefe / Supervisor / Responsable                   '),
 (18,3,3,'Senior / Semi-Senior                              '),
 (18,3,4,'Junior                                            '),
 (19,1,1,'Gerencia / Alta Gerencia / Dirección              '),
 (19,1,2,'Jefe / Supervisor / Responsable                   '),
 (19,1,3,'Senior / Semi-Senior                              '),
 (19,1,4,'Junior                                            '),
 (20,1,1,'Gerencia / Alta Gerencia / Dirección              '),
 (20,1,2,'Jefe / Supervisor / Responsable                   '),
 (20,1,3,'Senior / Semi-Senior                              ');
INSERT INTO `InfoCompany`.`Employ` VALUES  (20,1,4,'Junior                                            '),
 (20,2,1,'Gerencia / Alta Gerencia / Dirección              '),
 (20,2,2,'Jefe / Supervisor / Responsable                   '),
 (20,2,3,'Senior / Semi-Senior                              '),
 (20,2,4,'Junior                                            '),
 (20,3,1,'Gerencia / Alta Gerencia / Dirección              '),
 (20,3,2,'Jefe / Supervisor / Responsable                   '),
 (20,3,3,'Senior / Semi-Senior                              '),
 (20,3,4,'Junior                                            '),
 (20,4,1,'Gerencia / Alta Gerencia / Dirección              '),
 (20,4,2,'Jefe / Supervisor / Responsable                   '),
 (20,4,3,'Senior / Semi-Senior                              '),
 (20,4,4,'Junior                                            '),
 (20,5,1,'Gerencia / Alta Gerencia / Dirección              '),
 (20,5,2,'Jefe / Supervisor / Responsable                   '),
 (20,5,3,'Senior / Semi-Senior                              ');
INSERT INTO `InfoCompany`.`Employ` VALUES  (20,5,4,'Junior                                            '),
 (20,6,1,'Gerencia / Alta Gerencia / Dirección              '),
 (20,6,2,'Jefe / Supervisor / Responsable                   '),
 (20,6,3,'Senior / Semi-Senior                              '),
 (20,6,4,'Junior                                            '),
 (20,7,1,'Gerencia / Alta Gerencia / Dirección              '),
 (20,7,2,'Jefe / Supervisor / Responsable                   '),
 (20,7,3,'Senior / Semi-Senior                              '),
 (20,7,4,'Junior                                            '),
 (20,8,1,'Gerencia / Alta Gerencia / Dirección              '),
 (20,8,2,'Jefe / Supervisor / Responsable                   '),
 (20,8,3,'Senior / Semi-Senior                              '),
 (20,8,4,'Junior                                            '),
 (21,1,1,'Gerencia / Alta Gerencia / Dirección              '),
 (21,1,2,'Jefe / Supervisor / Responsable                   '),
 (21,1,3,'Senior / Semi-Senior                              ');
INSERT INTO `InfoCompany`.`Employ` VALUES  (21,1,4,'Junior                                            '),
 (21,2,1,'Gerencia / Alta Gerencia / Dirección              '),
 (21,2,2,'Jefe / Supervisor / Responsable                   '),
 (21,2,3,'Senior / Semi-Senior                              '),
 (21,2,4,'Junior                                            '),
 (21,3,1,'Gerencia / Alta Gerencia / Dirección              '),
 (21,3,2,'Jefe / Supervisor / Responsable                   '),
 (21,3,3,'Senior / Semi-Senior                              '),
 (21,3,4,'Junior                                            '),
 (21,4,1,'Gerencia / Alta Gerencia / Dirección              '),
 (21,4,2,'Jefe / Supervisor / Responsable                   '),
 (21,4,3,'Senior / Semi-Senior                              '),
 (21,4,4,'Junior                                            '),
 (21,5,1,'Gerencia / Alta Gerencia / Dirección              '),
 (21,5,2,'Jefe / Supervisor / Responsable                   '),
 (21,5,3,'Senior / Semi-Senior                              ');
INSERT INTO `InfoCompany`.`Employ` VALUES  (21,5,4,'Junior                                            '),
 (21,6,1,'Gerencia / Alta Gerencia / Dirección              '),
 (21,6,2,'Jefe / Supervisor / Responsable                   '),
 (21,6,3,'Senior / Semi-Senior                              '),
 (21,6,4,'Junior                                            '),
 (21,7,1,'Gerencia / Alta Gerencia / Dirección              '),
 (21,7,2,'Jefe / Supervisor / Responsable                   '),
 (21,7,3,'Senior / Semi-Senior                              '),
 (21,7,4,'Junior                                            '),
 (21,8,1,'Gerencia / Alta Gerencia / Dirección              '),
 (21,8,2,'Jefe / Supervisor / Responsable                   '),
 (21,8,3,'Senior / Semi-Senior                              '),
 (21,8,4,'Junior                                            '),
 (21,9,1,'Gerencia / Alta Gerencia / Dirección              '),
 (21,9,2,'Jefe / Supervisor / Responsable                   '),
 (21,9,3,'Senior / Semi-Senior                              ');
INSERT INTO `InfoCompany`.`Employ` VALUES  (21,9,4,'Junior                                            '),
 (21,10,1,'Gerencia / Alta Gerencia / Dirección              '),
 (21,10,2,'Jefe / Supervisor / Responsable                   '),
 (21,10,3,'Senior / Semi-Senior                              '),
 (21,10,4,'Junior                                            '),
 (21,11,1,'Gerencia / Alta Gerencia / Dirección              '),
 (21,11,2,'Jefe / Supervisor / Responsable                   '),
 (21,11,3,'Senior / Semi-Senior                              '),
 (21,11,4,'Junior                                            '),
 (21,12,1,'Gerencia / Alta Gerencia / Dirección              '),
 (21,12,2,'Jefe / Supervisor / Responsable                   '),
 (21,12,3,'Senior / Semi-Senior                              '),
 (21,12,4,'Junior                                            '),
 (21,13,1,'Gerencia / Alta Gerencia / Dirección              '),
 (21,13,2,'Jefe / Supervisor / Responsable                   '),
 (21,13,3,'Senior / Semi-Senior                              ');
INSERT INTO `InfoCompany`.`Employ` VALUES  (21,13,4,'Junior                                            '),
 (22,1,1,'Gerencia / Alta Gerencia / Dirección              '),
 (22,1,2,'Jefe / Supervisor / Responsable                   '),
 (22,1,3,'Senior / Semi-Senior                              '),
 (22,1,4,'Junior                                            '),
 (22,2,1,'Gerencia / Alta Gerencia / Dirección              '),
 (22,2,2,'Jefe / Supervisor / Responsable                   '),
 (22,2,3,'Senior / Semi-Senior                              '),
 (22,2,4,'Junior                                            '),
 (22,3,1,'Gerencia / Alta Gerencia / Dirección              '),
 (22,3,2,'Jefe / Supervisor / Responsable                   '),
 (22,3,3,'Senior / Semi-Senior                              '),
 (22,3,4,'Junior                                            '),
 (23,1,1,'Gerencia / Alta Gerencia / Dirección              '),
 (23,1,2,'Jefe / Supervisor / Responsable                   '),
 (23,1,3,'Senior / Semi-Senior                              ');
INSERT INTO `InfoCompany`.`Employ` VALUES  (23,1,4,'Junior                                            '),
 (23,2,1,'Gerencia / Alta Gerencia / Dirección              '),
 (23,2,2,'Jefe / Supervisor / Responsable                   '),
 (23,2,3,'Senior / Semi-Senior                              '),
 (23,2,4,'Junior                                            '),
 (23,3,1,'Gerencia / Alta Gerencia / Dirección              '),
 (23,3,2,'Jefe / Supervisor / Responsable                   '),
 (23,3,3,'Senior / Semi-Senior                              '),
 (23,3,4,'Junior                                            '),
 (23,4,1,'Gerencia / Alta Gerencia / Dirección              '),
 (23,4,2,'Jefe / Supervisor / Responsable                   '),
 (23,4,3,'Senior / Semi-Senior                              '),
 (23,4,4,'Junior                                            '),
 (24,1,1,'Gerencia / Alta Gerencia / Dirección              '),
 (24,1,2,'Jefe / Supervisor / Responsable                   '),
 (24,1,3,'Senior / Semi-Senior                              ');
INSERT INTO `InfoCompany`.`Employ` VALUES  (24,1,4,'Junior                                            '),
 (24,2,1,'Gerencia / Alta Gerencia / Dirección              '),
 (24,2,2,'Jefe / Supervisor / Responsable                   '),
 (24,2,3,'Senior / Semi-Senior                              '),
 (24,2,4,'Junior                                            '),
 (24,3,1,'Gerencia / Alta Gerencia / Dirección              '),
 (24,3,2,'Jefe / Supervisor / Responsable                   '),
 (24,3,3,'Senior / Semi-Senior                              '),
 (24,3,4,'Junior                                            '),
 (24,4,1,'Gerencia / Alta Gerencia / Dirección              '),
 (24,4,2,'Jefe / Supervisor / Responsable                   '),
 (24,4,3,'Senior / Semi-Senior                              '),
 (24,4,4,'Junior                                            '),
 (24,5,1,'Gerencia / Alta Gerencia / Dirección              '),
 (24,5,2,'Jefe / Supervisor / Responsable                   '),
 (24,5,3,'Senior / Semi-Senior                              ');
INSERT INTO `InfoCompany`.`Employ` VALUES  (24,5,4,'Junior                                            '),
 (24,6,1,'Gerencia / Alta Gerencia / Dirección              '),
 (24,6,2,'Jefe / Supervisor / Responsable                   '),
 (24,6,3,'Senior / Semi-Senior                              '),
 (24,6,4,'Junior                                            '),
 (24,7,1,'Gerencia / Alta Gerencia / Dirección              '),
 (24,7,2,'Jefe / Supervisor / Responsable                   '),
 (24,7,3,'Senior / Semi-Senior                              '),
 (24,7,4,'Junior                                            '),
 (24,8,1,'Gerencia / Alta Gerencia / Dirección              '),
 (24,8,2,'Jefe / Supervisor / Responsable                   '),
 (24,8,3,'Senior / Semi-Senior                              '),
 (24,8,4,'Junior                                            '),
 (24,9,1,'Gerencia / Alta Gerencia / Dirección              '),
 (24,9,2,'Jefe / Supervisor / Responsable                   '),
 (24,9,3,'Senior / Semi-Senior                              ');
INSERT INTO `InfoCompany`.`Employ` VALUES  (24,9,4,'Junior                                            '),
 (25,1,1,'Gerencia / Alta Gerencia / Dirección              '),
 (25,1,2,'Jefe / Supervisor / Responsable                   '),
 (25,1,3,'Senior / Semi-Senior                              '),
 (25,1,4,'Junior                                            '),
 (25,2,1,'Gerencia / Alta Gerencia / Dirección              '),
 (25,2,2,'Jefe / Supervisor / Responsable                   '),
 (25,2,3,'Senior / Semi-Senior                              '),
 (25,2,4,'Junior                                            '),
 (25,3,1,'Gerencia / Alta Gerencia / Dirección              '),
 (25,3,2,'Jefe / Supervisor / Responsable                   '),
 (25,3,3,'Senior / Semi-Senior                              '),
 (25,3,4,'Junior                                            '),
 (26,1,1,'Gerencia / Alta Gerencia / Dirección              '),
 (26,1,2,'Jefe / Supervisor / Responsable                   '),
 (26,1,3,'Senior / Semi-Senior                              ');
INSERT INTO `InfoCompany`.`Employ` VALUES  (26,1,4,'Junior                                            '),
 (26,2,1,'Gerencia / Alta Gerencia / Dirección              '),
 (26,2,2,'Jefe / Supervisor / Responsable                   '),
 (26,2,3,'Senior / Semi-Senior                              '),
 (26,2,4,'Junior                                            '),
 (27,1,1,'Gerencia / Alta Gerencia / Dirección              '),
 (27,1,2,'Jefe / Supervisor / Responsable                   '),
 (27,1,3,'Senior / Semi-Senior                              '),
 (27,1,4,'Junior                                            '),
 (27,2,1,'Gerencia / Alta Gerencia / Dirección              '),
 (27,2,2,'Jefe / Supervisor / Responsable                   '),
 (27,2,3,'Senior / Semi-Senior                              '),
 (27,2,4,'Junior                                            '),
 (27,3,1,'Gerencia / Alta Gerencia / Dirección              '),
 (27,3,2,'Jefe / Supervisor / Responsable                   '),
 (27,3,3,'Senior / Semi-Senior                              ');
INSERT INTO `InfoCompany`.`Employ` VALUES  (27,3,4,'Junior                                            '),
 (27,4,1,'Gerencia / Alta Gerencia / Dirección              '),
 (27,4,2,'Jefe / Supervisor / Responsable                   '),
 (27,4,3,'Senior / Semi-Senior                              '),
 (27,4,4,'Junior                                            '),
 (27,5,1,'Gerencia / Alta Gerencia / Dirección              '),
 (27,5,2,'Jefe / Supervisor / Responsable                   '),
 (27,5,3,'Senior / Semi-Senior                              '),
 (27,5,4,'Junior                                            '),
 (27,6,1,'Gerencia / Alta Gerencia / Dirección              '),
 (27,6,2,'Jefe / Supervisor / Responsable                   '),
 (27,6,3,'Senior / Semi-Senior                              '),
 (27,6,4,'Junior                                            '),
 (27,7,1,'Gerencia / Alta Gerencia / Dirección              '),
 (27,7,2,'Jefe / Supervisor / Responsable                   '),
 (27,7,3,'Senior / Semi-Senior                              ');
INSERT INTO `InfoCompany`.`Employ` VALUES  (27,7,4,'Junior                                            '),
 (27,8,1,'Gerencia / Alta Gerencia / Dirección              '),
 (27,8,2,'Jefe / Supervisor / Responsable                   '),
 (27,8,3,'Senior / Semi-Senior                              '),
 (27,8,4,'Junior                                            '),
 (27,9,1,'Gerencia / Alta Gerencia / Dirección              '),
 (27,9,2,'Jefe / Supervisor / Responsable                   '),
 (27,9,3,'Senior / Semi-Senior                              '),
 (27,9,4,'Junior                                            '),
 (27,10,1,'Gerencia / Alta Gerencia / Dirección              '),
 (27,10,2,'Jefe / Supervisor / Responsable                   '),
 (27,10,3,'Senior / Semi-Senior                              '),
 (27,10,4,'Junior                                            '),
 (27,11,1,'Gerencia / Alta Gerencia / Dirección              '),
 (27,11,2,'Jefe / Supervisor / Responsable                   '),
 (27,11,3,'Senior / Semi-Senior                              ');
INSERT INTO `InfoCompany`.`Employ` VALUES  (27,11,4,'Junior                                            '),
 (27,12,1,'Gerencia / Alta Gerencia / Dirección              '),
 (27,12,2,'Jefe / Supervisor / Responsable                   '),
 (27,12,3,'Senior / Semi-Senior                              '),
 (27,12,4,'Junior                                            '),
 (27,13,1,'Gerencia / Alta Gerencia / Dirección              '),
 (27,13,2,'Jefe / Supervisor / Responsable                   '),
 (27,13,3,'Senior / Semi-Senior                              '),
 (27,13,4,'Junior                                            '),
 (27,14,1,'Gerencia / Alta Gerencia / Dirección              '),
 (27,14,2,'Jefe / Supervisor / Responsable                   '),
 (27,14,3,'Senior / Semi-Senior                              '),
 (27,14,4,'Junior                                            ');
UNLOCK TABLES;
/*!40000 ALTER TABLE `Employ` ENABLE KEYS */;


--
-- Definition of table `InfoCompany`.`Field`
--

DROP TABLE IF EXISTS `InfoCompany`.`Field`;
CREATE TABLE  `InfoCompany`.`Field` (
  `FieldId` int(11) NOT NULL AUTO_INCREMENT,
  `Description` varchar(50) NOT NULL,
  PRIMARY KEY (`FieldId`)
) ENGINE=InnoDB AUTO_INCREMENT=28 DEFAULT CHARSET=latin1 COMMENT='Rubro/Campo de la compania';

--
-- Dumping data for table `InfoCompany`.`Field`
--

/*!40000 ALTER TABLE `Field` DISABLE KEYS */;
LOCK TABLES `Field` WRITE;
INSERT INTO `InfoCompany`.`Field` VALUES  (1,'Administración y Contabilidad                     '),
 (2,'Almacenamiento / Logística / Distribución         '),
 (3,'Arquitectura                                      '),
 (4,'Comercial / Ventas                                '),
 (5,'Comercio Exterior                                 '),
 (6,'Compras y Abastecimiento                          '),
 (7,'Diseño                                            '),
 (8,'Educación y Psicopedagogía                        '),
 (9,'Estética y Cuidado Personal                       '),
 (10,'Finanzas y Economía                               '),
 (11,'Gastronomía                                       '),
 (12,'Gerencia General / Alta Dirección                 '),
 (13,'Independientes                                    '),
 (14,'Ingeniería / Tecnicatura                          '),
 (15,'Jóvenes Profesionales / Pasantías                 '),
 (16,'Legales                                           '),
 (17,'Marketing y Publicidad                            ');
INSERT INTO `InfoCompany`.`Field` VALUES  (18,'Medios y Comunicación                             '),
 (19,'Música / Arte / Cultura                           '),
 (20,'Producción                                        '),
 (21,'Puestos Operativos / Otros                        '),
 (22,'Química / Bioquímica                              '),
 (23,'Recepción / Secretaria / Atención al cliente      '),
 (24,'Recursos Humanos                                  '),
 (25,'Relaciones Institucionales / Públicas             '),
 (26,'Salud                                             '),
 (27,'Sistemas / Tecnología / IT                        ');
UNLOCK TABLES;
/*!40000 ALTER TABLE `Field` ENABLE KEYS */;


--
-- Definition of table `InfoCompany`.`Sector`
--

DROP TABLE IF EXISTS `InfoCompany`.`Sector`;
CREATE TABLE  `InfoCompany`.`Sector` (
  `FieldId` int(11) NOT NULL,
  `SectorId` int(11) NOT NULL,
  `Description` varchar(501) NOT NULL,
  PRIMARY KEY (`FieldId`,`SectorId`) USING BTREE,
  CONSTRAINT `Fk_Sector_Field` FOREIGN KEY (`FieldId`) REFERENCES `Field` (`FieldId`)
) ENGINE=InnoDB DEFAULT CHARSET=latin1 COMMENT='Sector/Area dentro de la compania';

--
-- Dumping data for table `InfoCompany`.`Sector`
--

/*!40000 ALTER TABLE `Sector` DISABLE KEYS */;
LOCK TABLES `Sector` WRITE;
INSERT INTO `InfoCompany`.`Sector` VALUES  (1,1,'Administración                                    \r'),
 (1,2,'Administración de Ventas                          \r'),
 (1,3,'Administración y Finanzas                         \r'),
 (1,4,'Auditoría                                         \r'),
 (1,5,'Clearing                                          \r'),
 (1,6,'Contabilidad                                      \r'),
 (1,7,'Control de gestión y Presupuesto                  \r'),
 (1,8,'Facturación                                       \r'),
 (1,9,'Finanzas Internacionales                          \r'),
 (1,10,'Fondos Comunes de Inversión                       \r'),
 (1,11,'Giros y Transferencias                            \r'),
 (1,12,'Impuestos                                         \r'),
 (1,13,'Mercado de Capitales                              \r'),
 (1,14,'Recupero de Créditos                              \r'),
 (1,15,'Seguros                                           \r'),
 (2,1,'Almacén / Depósito / Expedición                   \r');
INSERT INTO `InfoCompany`.`Sector` VALUES  (2,2,'Logística y Distribución                          \r'),
 (3,1,'Arquitectura                                      \r'),
 (3,2,'Dirección de Obra                                 \r'),
 (4,1,'Comercial / Ventas                                \r'),
 (4,2,'Desarrollo de Negocios                            \r'),
 (4,3,'E-Commerce                                        \r'),
 (4,4,'Planeamiento comercial                            \r'),
 (4,5,'Telemarketing                                     \r'),
 (5,1,'Aduana / Despachante de Aduana                    \r'),
 (5,2,'Comercio Exterior                                 \r'),
 (6,1,'Abastecimiento                                    \r'),
 (6,2,'Compras y Abastecimiento                          \r'),
 (7,1,'Diseño de Interiores / Decoración                 \r'),
 (7,2,'Diseño Gráfico                                    \r'),
 (7,3,'Diseño Industrial                                 \r'),
 (7,4,'Diseño Multimedia                                 \r'),
 (7,5,'Diseño Textil e Indumentaria                      \r');
INSERT INTO `InfoCompany`.`Sector` VALUES  (7,6,'Diseño Web                                        \r'),
 (8,1,'Educación                                         \r'),
 (8,2,'Psicopedagogía                                    \r'),
 (9,1,'Estética y Cuidado Personal                       \r'),
 (10,1,'Análisis de Riesgos                               \r'),
 (10,2,'Corporate Finance / Banca Inversión               \r'),
 (10,3,'Créditos y Cobranzas                              \r'),
 (10,4,'Cuentas Corrientes                                \r'),
 (10,5,'Evaluación Económica                              \r'),
 (10,6,'Finanzas                                          \r'),
 (10,7,'Inversiones / Proyectos de Inversión              \r'),
 (10,8,'Planeamiento económico-financiero                 \r'),
 (10,9,'Tesorería                                         \r'),
 (11,1,'Camareros                                         \r'),
 (11,2,'Gastronomía                                       \r'),
 (12,1,'Alta dirección                                    \r');
INSERT INTO `InfoCompany`.`Sector` VALUES  (12,2,'Dirección de Empresas                             \r'),
 (12,3,'Gerencia                                          \r'),
 (12,4,'Gerencia General                                  \r'),
 (12,5,'Presidencia                                       \r'),
 (12,6,'Vicepresidencia                                   \r'),
 (13,1,'Independientes                                    \r'),
 (14,1,'Ingeniería                                        \r'),
 (14,2,'Ingeniería Agrónoma                               \r'),
 (14,3,'Ingenieria Automatización                         \r'),
 (14,4,'Ingeniería Civil                                  \r'),
 (14,5,'Ingeniería de Procesos                            \r'),
 (14,6,'Ingeniería de Producto                            \r'),
 (14,7,'Ingeniería de Reservorios / Geología              \r'),
 (14,8,'Ingeniería de Ventas                              \r'),
 (14,9,'Ingeniería Eléctrica                              \r'),
 (14,10,'Ingeniería Electromecánica                        \r');
INSERT INTO `InfoCompany`.`Sector` VALUES  (14,11,'Ingeniería Electrónica                            \r'),
 (14,12,'Ingeniería en Alimentos                           \r'),
 (14,13,'Ingeniería en Telecomunicaciones                  \r'),
 (14,14,'Ingeniería Industrial                             \r'),
 (14,15,'Ingeniería Mecánica                               \r'),
 (14,16,'Ingeniería Oficina Técnica / Proyecto             \r'),
 (14,17,'Ingeniería Química                                \r'),
 (14,18,'Producción e Ingeniería                           \r'),
 (15,1,'Jóvenes Profesionales                             \r'),
 (15,2,'Pasantía / Trainee                                \r'),
 (16,1,'Garantías                                         \r'),
 (16,2,'Legales                                           \r'),
 (17,1,'Business Intelligence                             \r'),
 (17,2,'Database Marketing                                \r'),
 (17,3,'Investigación de Mercado                          \r'),
 (17,4,'Marketing                                         \r');
INSERT INTO `InfoCompany`.`Sector` VALUES  (17,5,'Planeamiento                                      \r'),
 (17,6,'Producto                                          \r'),
 (17,7,'Publicidad                                        \r'),
 (17,8,'Trade Marketing                                   \r'),
 (18,1,'Periodismo                                        \r'),
 (18,2,'Producción Audiovisual                            \r'),
 (18,3,'Traducción                                        \r'),
 (19,1,'Música / Arte / Cultura                           \r'),
 (20,1,'Calidad                                           \r'),
 (20,2,'Control de Calidad                                \r'),
 (20,3,'Investigación y Desarrollo                        \r'),
 (20,4,'Mantenimiento de planta                           \r'),
 (20,5,'Operaciones                                       \r'),
 (20,6,'Producción                                        \r'),
 (20,7,'Programación de producción                        \r'),
 (20,8,'Seguridad Industrial / Higiene / Medio Ambiente   \r');
INSERT INTO `InfoCompany`.`Sector` VALUES  (21,1,'Aeropuertos                                       \r'),
 (21,2,'Back Office                                       \r'),
 (21,3,'Cadetería                                         \r'),
 (21,4,'Caja                                              \r'),
 (21,5,'Data Entry                                        \r'),
 (21,6,'Housekeeping                                      \r'),
 (21,7,'Mantenimiento y Limpieza                          \r'),
 (21,8,'Oficios y Profesiones                             \r'),
 (21,9,'Packaging                                         \r'),
 (21,10,'Promotoras/es                                     \r'),
 (21,11,'Seguridad                                         \r'),
 (21,12,'Trabajo Social                                    \r'),
 (21,13,'Transporte                                        \r'),
 (22,1,'Bioquímica                                        \r'),
 (22,2,'Farmacia                                          \r'),
 (22,3,'Química                                           \r');
INSERT INTO `InfoCompany`.`Sector` VALUES  (23,1,'Atención al cliente                               \r'),
 (23,2,'Recepción                                         \r'),
 (23,3,'Secretaria / Asistente                            \r'),
 (23,4,'Telefonista                                       \r'),
 (24,1,'Administración de Personal                        \r'),
 (24,2,'Capacitación y Desarrollo                         \r'),
 (24,3,'Comunicaciones internas                           \r'),
 (24,4,'Medicina Laboral                                  \r'),
 (24,5,'Organización y Métodos                            \r'),
 (24,6,'Recursos Humanos                                  \r'),
 (24,7,'Relaciones Laborales                              \r'),
 (24,8,'Remuneraciones / Compen. y Beneficios             \r'),
 (24,9,'Selección y Empleos                               \r'),
 (25,1,'Comunicaciones externas                           \r'),
 (25,2,'Organización de Eventos                           \r'),
 (25,3,'Relaciones Institucionales / Públicas             \r');
INSERT INTO `InfoCompany`.`Sector` VALUES  (26,1,'Salud                                             \r'),
 (26,2,'Veterinaria                                       \r'),
 (27,1,'Administración de Base de Datos                   \r'),
 (27,2,'Análisis Funcional / Liderazgo de Proyecto        \r'),
 (27,3,'Análisis y Programación                           \r'),
 (27,4,'Data Warehousing                                  \r'),
 (27,5,'Internet                                          \r'),
 (27,6,'Multimedia                                        \r'),
 (27,7,'Programación                                      \r'),
 (27,8,'Redes                                             \r'),
 (27,9,'Seguridad Informática                             \r'),
 (27,10,'Sistemas                                          \r'),
 (27,11,'Soporte Técnico / Mesa de Ayuda                   \r'),
 (27,12,'Tecnología / Infraestructura                      \r'),
 (27,13,'Tecnologías de la Información                     \r'),
 (27,14,'Telecomunicaciones                                \r');
UNLOCK TABLES;
/*!40000 ALTER TABLE `Sector` ENABLE KEYS */;




/*!40101 SET SQL_MODE=@OLD_SQL_MODE */;
/*!40014 SET FOREIGN_KEY_CHECKS=@OLD_FOREIGN_KEY_CHECKS */;
/*!40014 SET UNIQUE_CHECKS=@OLD_UNIQUE_CHECKS */;
/*!40101 SET CHARACTER_SET_CLIENT=@OLD_CHARACTER_SET_CLIENT */;
/*!40101 SET CHARACTER_SET_RESULTS=@OLD_CHARACTER_SET_RESULTS */;
/*!40101 SET COLLATION_CONNECTION=@OLD_COLLATION_CONNECTION */;
/*!40101 SET CHARACTER_SET_CLIENT=@OLD_CHARACTER_SET_CLIENT */;
